id,name,default_code,image
product.product_product_24,minion,,parts.png
product.product_product_16,minion,,cleaning.jpg
product.consu_delivery_01,minion,,Pre-Order-icon.png
product.consu_delivery_02,minion,,http://www.imagui.com/d/ijeLAKdzc
product.consu_delivery_03,minion,,http://www.imagui.com/d/ijeLAKdzc
product.product_product_22,minion,,http://www.imagui.com/d/ijeLAKdzc
product.product_product_4,minion,,http://www.imagui.com/d/ijeLAKdzc
product.product_product_4b,minion,,http://www.imagui.com/d/ijeLAKdzc
product.product_product_4c,minion,,http://www.imagui.com/d/ijeLAKdzc
product.product_product_5b,minion,,http://www.imagui.com/d/ijeLAKdzc
product.product_product_5,minion,,http://www.imagui.com/d/ijeLAKdzc
product.product_product_6,minion,,http://www.imagui.com/d/ijeLAKdzc
product.product_product_7,minion,,http://www.imagui.com/d/ijeLAKdzc
product.product_product_8,minion,,http://www.imagui.com/d/ijeLAKdzc
product.product_product_9,minion,,http://www.imagui.com/d/ijeLAKdzc
product.product_product_10,minion,,http://www.imagui.com/d/ijeLAKdzc
product.product_product_11,minion,,http://www.imagui.com/d/ijeLAKdzc
product.product_product_11b,minion,,http://www.imagui.com/d/ijeLAKdzc
product.product_product_17,minion,,http://www.imagui.com/d/ijeLAKdzc
product.product_product_27,minion,,http://www.imagui.com/d/ijeLAKdzc
product.product_product_25,minion,,http://www.imagui.com/d/ijeLAKdzc
product.product_product_20,minion,,http://www.imagui.com/d/ijeLAKdzc
product.product_product_12,minion,,http://www.imagui.com/d/ijeLAKdzc
product.product_product_3,minion,,http://www.imagui.com/d/ijeLAKdzc
product.product_delivery_01,minion,,http://www.imagui.com/d/ijeLAKdzc
product.product_delivery_02,minion,,http://www.imagui.com/d/ijeLAKdzc
product.product_order_01,minion,,http://www.imagui.com/d/ijeLAKdzc
product.product_product_13,minion,,http://www.imagui.com/d/ijeLAKdzc
product.service_cost_01,minion,,http://www.imagui.com/d/ijeLAKdzc
product.service_delivery,minion,,http://www.imagui.com/d/ijeLAKdzc
product.service_order_01,minion,,http://www.imagui.com/d/ijeLAKdzc
product.product_product_2,minion,,http://www.imagui.com/d/ijeLAKdzc
sale.advance_product_0,minion,,http://www.imagui.com/d/ijeLAKdzc
product.product_product_11c,minion,,http://www.imagui.com/d/ijeLAKdzc
product.product_product_5c,minion,,http://www.imagui.com/d/ijeLAKdzc
product.product_product_6c,minion,,http://www.imagui.com/d/ijeLAKdzc
product.product_product_1,minion,,http://www.imagui.com/d/ijeLAKdzc
